{" Salt Lake City International": 0.15030975218295345, " Phoenix Sky Harbor International": 0.163097759073242, " Chicago Midway International": 0.17338880869491383, " Denver International": 0.17596134703512495, " Dallas/Fort Worth International": 0.1770656989769978, " Baltimore/Washington International Thurgood Marshall": 0.1791967423709916, " George Bush Intercontinental/Houston": 0.179233585961624, " Charlotte Douglas International": 0.18368433679948037, " Detroit Metro Wayne County": 0.18523336342712157, " Portland International": 0.18555479277479178, " Minneapolis-St Paul International": 0.18558128461519183, " San Diego International": 0.1861176073313288, " Los Angeles International": 0.18679445214542975, " Ronald Reagan Washington National": 0.18724723081463215, " McCarran International": 0.19179532746931177, " Washington Dulles International": 0.19371700176588172, " Tampa International": 0.19375773125351742, " Orlando International": 0.19459701874664603, " Seattle/Tacoma International": 0.200690106478897, " Hartsfield-Jackson Atlanta International": 0.21760254723653405, " Miami International": 0.21765257123074674, " Fort Lauderdale-Hollywood International": 0.2212449681475877, " Logan International": 0.22148546337888034, " Chicago O'Hare International": 0.23483275133795353, " Philadelphia International": 0.23913933447853059, " John F. Kennedy International": 0.24843674151504164, " San Francisco International": 0.25570274285353406, " LaGuardia": 0.26845285378977674, " Newark Liberty International": 0.30389898226185447}